<?xml version="1.0" encoding="utf-8"?>
<annotation>
<folder>images</folder>
<filename>1fec3f2d-image53.jpg</filename>
<source>
<database>MyDatabase</database>
<annotation>COCO2017</annotation>
<image>flickr</image>
<flickrid>NULL</flickrid>
<annotator>1</annotator>
</source>
<owner>
<flickrid>NULL</flickrid>
<name>Label Studio</name>
</owner>
<size>
<width>980</width>
<height>600</height>
<depth>3</depth>
</size>
<segmented>0</segmented>
<object>
<name>no_hard_hat</name>
<pose>Unspecified</pose>
<truncated>0</truncated>
<difficult>0</difficult>
<bndbox>
<xmin>678</xmin>
<ymin>11</ymin>
<xmax>778</xmax>
<ymax>91</ymax>
</bndbox>
</object>
<object>
<name>no_hard_hat</name>
<pose>Unspecified</pose>
<truncated>0</truncated>
<difficult>0</difficult>
<bndbox>
<xmin>470</xmin>
<ymin>24</ymin>
<xmax>604</xmax>
<ymax>98</ymax>
</bndbox>
</object>
<object>
<name>no_eye_protection</name>
<pose>Unspecified</pose>
<truncated>0</truncated>
<difficult>0</difficult>
<bndbox>
<xmin>554</xmin>
<ymin>107</ymin>
<xmax>577</xmax>
<ymax>124</ymax>
</bndbox>
</object>
<object>
<name>no_eye_protection</name>
<pose>Unspecified</pose>
<truncated>0</truncated>
<difficult>0</difficult>
<bndbox>
<xmin>665</xmin>
<ymin>67</ymin>
<xmax>722</xmax>
<ymax>112</ymax>
</bndbox>
</object>
<object>
<name>no_safety_vest</name>
<pose>Unspecified</pose>
<truncated>0</truncated>
<difficult>0</difficult>
<bndbox>
<xmin>265</xmin>
<ymin>107</ymin>
<xmax>480</xmax>
<ymax>470</ymax>
</bndbox>
</object>
<object>
<name>no_safety_boots</name>
<pose>Unspecified</pose>
<truncated>0</truncated>
<difficult>0</difficult>
<bndbox>
<xmin>518</xmin>
<ymin>83</ymin>
<xmax>683</xmax>
<ymax>284</ymax>
</bndbox>
</object>
<object>
<name>no_safety_boots</name>
<pose>Unspecified</pose>
<truncated>0</truncated>
<difficult>0</difficult>
<bndbox>
<xmin>231</xmin>
<ymin>507</ymin>
<xmax>317</xmax>
<ymax>596</ymax>
</bndbox>
</object>
<object>
<name>no_safety_boots</name>
<pose>Unspecified</pose>
<truncated>0</truncated>
<difficult>0</difficult>
<bndbox>
<xmin>568</xmin>
<ymin>455</ymin>
<xmax>650</xmax>
<ymax>561</ymax>
</bndbox>
</object>
<object>
<name>person</name>
<pose>Unspecified</pose>
<truncated>0</truncated>
<difficult>0</difficult>
<bndbox>
<xmin>204</xmin>
<ymin>27</ymin>
<xmax>768</xmax>
<ymax>596</ymax>
</bndbox>
</object>
<object>
<name>person</name>
<pose>Unspecified</pose>
<truncated>0</truncated>
<difficult>0</difficult>
<bndbox>
<xmin>519</xmin>
<ymin>13</ymin>
<xmax>956</xmax>
<ymax>561</ymax>
</bndbox>
</object>
</annotation>
