<?xml version="1.0" encoding="utf-8"?>
<annotation>
<folder>images</folder>
<filename>23629059-image130.png</filename>
<source>
<database>MyDatabase</database>
<annotation>COCO2017</annotation>
<image>flickr</image>
<flickrid>NULL</flickrid>
<annotator>1</annotator>
</source>
<owner>
<flickrid>NULL</flickrid>
<name>Label Studio</name>
</owner>
<size>
<width>1600</width>
<height>1600</height>
<depth>3</depth>
</size>
<segmented>0</segmented>
<object>
<name>safety_vest</name>
<pose>Unspecified</pose>
<truncated>0</truncated>
<difficult>0</difficult>
<bndbox>
<xmin>478</xmin>
<ymin>262</ymin>
<xmax>1333</xmax>
<ymax>1418</ymax>
</bndbox>
</object>
<object>
<name>safety_gloves</name>
<pose>Unspecified</pose>
<truncated>0</truncated>
<difficult>0</difficult>
<bndbox>
<xmin>1235</xmin>
<ymin>1267</ymin>
<xmax>1570</xmax>
<ymax>1599</ymax>
</bndbox>
</object>
<object>
<name>safety_gloves</name>
<pose>Unspecified</pose>
<truncated>0</truncated>
<difficult>0</difficult>
<bndbox>
<xmin>134</xmin>
<ymin>902</ymin>
<xmax>466</xmax>
<ymax>1231</ymax>
</bndbox>
</object>
<object>
<name>hard_hat</name>
<pose>Unspecified</pose>
<truncated>0</truncated>
<difficult>0</difficult>
<bndbox>
<xmin>583</xmin>
<ymin>0</ymin>
<xmax>1245</xmax>
<ymax>145</ymax>
</bndbox>
</object>
<object>
<name>eye_protection</name>
<pose>Unspecified</pose>
<truncated>0</truncated>
<difficult>0</difficult>
<bndbox>
<xmin>656</xmin>
<ymin>154</ymin>
<xmax>1093</xmax>
<ymax>256</ymax>
</bndbox>
</object>
<object>
<name>person</name>
<pose>Unspecified</pose>
<truncated>0</truncated>
<difficult>0</difficult>
<bndbox>
<xmin>172</xmin>
<ymin>5</ymin>
<xmax>1529</xmax>
<ymax>1599</ymax>
</bndbox>
</object>
</annotation>
