<?xml version="1.0" encoding="utf-8"?>
<annotation>
<folder>images</folder>
<filename>2542ddd9-image45.jpg</filename>
<source>
<database>MyDatabase</database>
<annotation>COCO2017</annotation>
<image>flickr</image>
<flickrid>NULL</flickrid>
<annotator>1</annotator>
</source>
<owner>
<flickrid>NULL</flickrid>
<name>Label Studio</name>
</owner>
<size>
<width>1296</width>
<height>800</height>
<depth>3</depth>
</size>
<segmented>0</segmented>
<object>
<name>no_hard_hat</name>
<pose>Unspecified</pose>
<truncated>0</truncated>
<difficult>0</difficult>
<bndbox>
<xmin>810</xmin>
<ymin>109</ymin>
<xmax>1020</xmax>
<ymax>199</ymax>
</bndbox>
</object>
<object>
<name>no_eye_protection</name>
<pose>Unspecified</pose>
<truncated>0</truncated>
<difficult>0</difficult>
<bndbox>
<xmin>848</xmin>
<ymin>204</ymin>
<xmax>956</xmax>
<ymax>262</ymax>
</bndbox>
</object>
<object>
<name>safety_vest</name>
<pose>Unspecified</pose>
<truncated>0</truncated>
<difficult>0</difficult>
<bndbox>
<xmin>886</xmin>
<ymin>270</ymin>
<xmax>1295</xmax>
<ymax>798</ymax>
</bndbox>
</object>
<object>
<name>safety_gloves</name>
<pose>Unspecified</pose>
<truncated>0</truncated>
<difficult>0</difficult>
<bndbox>
<xmin>674</xmin>
<ymin>324</ymin>
<xmax>808</xmax>
<ymax>491</ymax>
</bndbox>
</object>
<object>
<name>safety_gloves</name>
<pose>Unspecified</pose>
<truncated>0</truncated>
<difficult>0</difficult>
<bndbox>
<xmin>798</xmin>
<ymin>748</ymin>
<xmax>961</xmax>
<ymax>799</ymax>
</bndbox>
</object>
<object>
<name>person</name>
<pose>Unspecified</pose>
<truncated>0</truncated>
<difficult>0</difficult>
<bndbox>
<xmin>670</xmin>
<ymin>102</ymin>
<xmax>1295</xmax>
<ymax>799</ymax>
</bndbox>
</object>
</annotation>
