<?xml version="1.0" encoding="utf-8"?>
<annotation>
<folder>images</folder>
<filename>35149459-image44.jpg</filename>
<source>
<database>MyDatabase</database>
<annotation>COCO2017</annotation>
<image>flickr</image>
<flickrid>NULL</flickrid>
<annotator>1</annotator>
</source>
<owner>
<flickrid>NULL</flickrid>
<name>Label Studio</name>
</owner>
<size>
<width>1296</width>
<height>800</height>
<depth>3</depth>
</size>
<segmented>0</segmented>
<object>
<name>no_hard_hat</name>
<pose>Unspecified</pose>
<truncated>0</truncated>
<difficult>0</difficult>
<bndbox>
<xmin>973</xmin>
<ymin>74</ymin>
<xmax>1111</xmax>
<ymax>201</ymax>
</bndbox>
</object>
<object>
<name>no_eye_protection</name>
<pose>Unspecified</pose>
<truncated>0</truncated>
<difficult>0</difficult>
<bndbox>
<xmin>989</xmin>
<ymin>192</ymin>
<xmax>1057</xmax>
<ymax>232</ymax>
</bndbox>
</object>
<object>
<name>safety_vest</name>
<pose>Unspecified</pose>
<truncated>0</truncated>
<difficult>0</difficult>
<bndbox>
<xmin>851</xmin>
<ymin>218</ymin>
<xmax>1132</xmax>
<ymax>515</ymax>
</bndbox>
</object>
<object>
<name>safety_gloves</name>
<pose>Unspecified</pose>
<truncated>0</truncated>
<difficult>0</difficult>
<bndbox>
<xmin>981</xmin>
<ymin>379</ymin>
<xmax>1062</xmax>
<ymax>446</ymax>
</bndbox>
</object>
<object>
<name>safety_gloves</name>
<pose>Unspecified</pose>
<truncated>0</truncated>
<difficult>0</difficult>
<bndbox>
<xmin>795</xmin>
<ymin>405</ymin>
<xmax>889</xmax>
<ymax>454</ymax>
</bndbox>
</object>
<object>
<name>safety_boots</name>
<pose>Unspecified</pose>
<truncated>0</truncated>
<difficult>0</difficult>
<bndbox>
<xmin>927</xmin>
<ymin>621</ymin>
<xmax>979</xmax>
<ymax>727</ymax>
</bndbox>
</object>
<object>
<name>safety_boots</name>
<pose>Unspecified</pose>
<truncated>0</truncated>
<difficult>0</difficult>
<bndbox>
<xmin>979</xmin>
<ymin>756</ymin>
<xmax>1072</xmax>
<ymax>799</ymax>
</bndbox>
</object>
<object>
<name>person</name>
<pose>Unspecified</pose>
<truncated>0</truncated>
<difficult>0</difficult>
<bndbox>
<xmin>817</xmin>
<ymin>91</ymin>
<xmax>1192</xmax>
<ymax>797</ymax>
</bndbox>
</object>
</annotation>
