<?xml version="1.0" encoding="utf-8"?>
<annotation>
<folder>images</folder>
<filename>3980ee5e-image68.png</filename>
<source>
<database>MyDatabase</database>
<annotation>COCO2017</annotation>
<image>flickr</image>
<flickrid>NULL</flickrid>
<annotator>1</annotator>
</source>
<owner>
<flickrid>NULL</flickrid>
<name>Label Studio</name>
</owner>
<size>
<width>600</width>
<height>337</height>
<depth>1</depth>
</size>
<segmented>0</segmented>
<object>
<name>hard_hat</name>
<pose>Unspecified</pose>
<truncated>0</truncated>
<difficult>0</difficult>
<bndbox>
<xmin>176</xmin>
<ymin>28</ymin>
<xmax>256</xmax>
<ymax>86</ymax>
</bndbox>
</object>
<object>
<name>hard_hat</name>
<pose>Unspecified</pose>
<truncated>0</truncated>
<difficult>0</difficult>
<bndbox>
<xmin>395</xmin>
<ymin>70</ymin>
<xmax>472</xmax>
<ymax>118</ymax>
</bndbox>
</object>
<object>
<name>no_eye_protection</name>
<pose>Unspecified</pose>
<truncated>0</truncated>
<difficult>0</difficult>
<bndbox>
<xmin>204</xmin>
<ymin>98</ymin>
<xmax>240</xmax>
<ymax>110</ymax>
</bndbox>
</object>
<object>
<name>no_eye_protection</name>
<pose>Unspecified</pose>
<truncated>0</truncated>
<difficult>0</difficult>
<bndbox>
<xmin>413</xmin>
<ymin>120</ymin>
<xmax>438</xmax>
<ymax>128</ymax>
</bndbox>
</object>
<object>
<name>no_safety_gloves</name>
<pose>Unspecified</pose>
<truncated>0</truncated>
<difficult>0</difficult>
<bndbox>
<xmin>221</xmin>
<ymin>119</ymin>
<xmax>272</xmax>
<ymax>185</ymax>
</bndbox>
</object>
<object>
<name>safety_gloves</name>
<pose>Unspecified</pose>
<truncated>0</truncated>
<difficult>0</difficult>
<bndbox>
<xmin>312</xmin>
<ymin>235</ymin>
<xmax>352</xmax>
<ymax>280</ymax>
</bndbox>
</object>
<object>
<name>safety_vest</name>
<pose>Unspecified</pose>
<truncated>0</truncated>
<difficult>0</difficult>
<bndbox>
<xmin>105</xmin>
<ymin>97</ymin>
<xmax>245</xmax>
<ymax>252</ymax>
</bndbox>
</object>
<object>
<name>safety_vest</name>
<pose>Unspecified</pose>
<truncated>0</truncated>
<difficult>0</difficult>
<bndbox>
<xmin>428</xmin>
<ymin>144</ymin>
<xmax>572</xmax>
<ymax>299</ymax>
</bndbox>
</object>
<object>
<name>person</name>
<pose>Unspecified</pose>
<truncated>0</truncated>
<difficult>0</difficult>
<bndbox>
<xmin>92</xmin>
<ymin>26</ymin>
<xmax>323</xmax>
<ymax>336</ymax>
</bndbox>
</object>
</annotation>
