<?xml version="1.0" encoding="utf-8"?>
<annotation>
<folder>images</folder>
<filename>42e2fe38-image72.jpg</filename>
<source>
<database>MyDatabase</database>
<annotation>COCO2017</annotation>
<image>flickr</image>
<flickrid>NULL</flickrid>
<annotator>1</annotator>
</source>
<owner>
<flickrid>NULL</flickrid>
<name>Label Studio</name>
</owner>
<size>
<width>1007</width>
<height>667</height>
<depth>3</depth>
</size>
<segmented>0</segmented>
<object>
<name>hard_hat</name>
<pose>Unspecified</pose>
<truncated>0</truncated>
<difficult>0</difficult>
<bndbox>
<xmin>810</xmin>
<ymin>0</ymin>
<xmax>1006</xmax>
<ymax>101</ymax>
</bndbox>
</object>
<object>
<name>eye_protection</name>
<pose>Unspecified</pose>
<truncated>0</truncated>
<difficult>0</difficult>
<bndbox>
<xmin>826</xmin>
<ymin>53</ymin>
<xmax>922</xmax>
<ymax>138</ymax>
</bndbox>
</object>
<object>
<name>safety_vest</name>
<pose>Unspecified</pose>
<truncated>0</truncated>
<difficult>0</difficult>
<bndbox>
<xmin>593</xmin>
<ymin>362</ymin>
<xmax>1006</xmax>
<ymax>666</ymax>
</bndbox>
</object>
<object>
<name>no_safety_gloves</name>
<pose>Unspecified</pose>
<truncated>0</truncated>
<difficult>0</difficult>
<bndbox>
<xmin>122</xmin>
<ymin>283</ymin>
<xmax>275</xmax>
<ymax>489</ymax>
</bndbox>
</object>
<object>
<name>person</name>
<pose>Unspecified</pose>
<truncated>0</truncated>
<difficult>0</difficult>
<bndbox>
<xmin>558</xmin>
<ymin>79</ymin>
<xmax>1003</xmax>
<ymax>666</ymax>
</bndbox>
</object>
</annotation>
