<?xml version="1.0" encoding="utf-8"?>
<annotation>
<folder>images</folder>
<filename>471a1e13-image106.png</filename>
<source>
<database>MyDatabase</database>
<annotation>COCO2017</annotation>
<image>flickr</image>
<flickrid>NULL</flickrid>
<annotator>1</annotator>
</source>
<owner>
<flickrid>NULL</flickrid>
<name>Label Studio</name>
</owner>
<size>
<width>1024</width>
<height>684</height>
<depth>3</depth>
</size>
<segmented>0</segmented>
<object>
<name>eye_protection</name>
<pose>Unspecified</pose>
<truncated>0</truncated>
<difficult>0</difficult>
<bndbox>
<xmin>214</xmin>
<ymin>149</ymin>
<xmax>300</xmax>
<ymax>208</ymax>
</bndbox>
</object>
<object>
<name>eye_protection</name>
<pose>Unspecified</pose>
<truncated>0</truncated>
<difficult>0</difficult>
<bndbox>
<xmin>579</xmin>
<ymin>166</ymin>
<xmax>623</xmax>
<ymax>224</ymax>
</bndbox>
</object>
<object>
<name>hard_hat</name>
<pose>Unspecified</pose>
<truncated>0</truncated>
<difficult>0</difficult>
<bndbox>
<xmin>86</xmin>
<ymin>41</ymin>
<xmax>330</xmax>
<ymax>188</ymax>
</bndbox>
</object>
<object>
<name>hard_hat</name>
<pose>Unspecified</pose>
<truncated>0</truncated>
<difficult>0</difficult>
<bndbox>
<xmin>403</xmin>
<ymin>73</ymin>
<xmax>613</xmax>
<ymax>265</ymax>
</bndbox>
</object>
<object>
<name>safety_vest</name>
<pose>Unspecified</pose>
<truncated>0</truncated>
<difficult>0</difficult>
<bndbox>
<xmin>53</xmin>
<ymin>294</ymin>
<xmax>321</xmax>
<ymax>683</ymax>
</bndbox>
</object>
<object>
<name>safety_vest</name>
<pose>Unspecified</pose>
<truncated>0</truncated>
<difficult>0</difficult>
<bndbox>
<xmin>320</xmin>
<ymin>333</ymin>
<xmax>627</xmax>
<ymax>683</ymax>
</bndbox>
</object>
<object>
<name>hard_hat</name>
<pose>Unspecified</pose>
<truncated>0</truncated>
<difficult>0</difficult>
<bndbox>
<xmin>403</xmin>
<ymin>73</ymin>
<xmax>440</xmax>
<ymax>110</ymax>
</bndbox>
</object>
<object>
<name>person</name>
<pose>Unspecified</pose>
<truncated>0</truncated>
<difficult>0</difficult>
<bndbox>
<xmin>41</xmin>
<ymin>41</ymin>
<xmax>359</xmax>
<ymax>683</ymax>
</bndbox>
</object>
<object>
<name>person</name>
<pose>Unspecified</pose>
<truncated>0</truncated>
<difficult>0</difficult>
<bndbox>
<xmin>330</xmin>
<ymin>71</ymin>
<xmax>693</xmax>
<ymax>683</ymax>
</bndbox>
</object>
</annotation>
