<?xml version="1.0" encoding="utf-8"?>
<annotation>
<folder>images</folder>
<filename>48858f08-image11.jpg</filename>
<source>
<database>MyDatabase</database>
<annotation>COCO2017</annotation>
<image>flickr</image>
<flickrid>NULL</flickrid>
<annotator>1</annotator>
</source>
<owner>
<flickrid>NULL</flickrid>
<name>Label Studio</name>
</owner>
<size>
<width>1300</width>
<height>1065</height>
<depth>3</depth>
</size>
<segmented>0</segmented>
<object>
<name>no_hard_hat</name>
<pose>Unspecified</pose>
<truncated>0</truncated>
<difficult>0</difficult>
<bndbox>
<xmin>623</xmin>
<ymin>112</ymin>
<xmax>807</xmax>
<ymax>232</ymax>
</bndbox>
</object>
<object>
<name>no_eye_protection</name>
<pose>Unspecified</pose>
<truncated>0</truncated>
<difficult>0</difficult>
<bndbox>
<xmin>643</xmin>
<ymin>254</ymin>
<xmax>689</xmax>
<ymax>273</ymax>
</bndbox>
</object>
<object>
<name>no_safety_gloves</name>
<pose>Unspecified</pose>
<truncated>0</truncated>
<difficult>0</difficult>
<bndbox>
<xmin>458</xmin>
<ymin>373</ymin>
<xmax>551</xmax>
<ymax>446</ymax>
</bndbox>
</object>
<object>
<name>no_safety_boots</name>
<pose>Unspecified</pose>
<truncated>0</truncated>
<difficult>0</difficult>
<bndbox>
<xmin>602</xmin>
<ymin>833</ymin>
<xmax>854</xmax>
<ymax>941</ymax>
</bndbox>
</object>
<object>
<name>no_safety_boots</name>
<pose>Unspecified</pose>
<truncated>0</truncated>
<difficult>0</difficult>
<bndbox>
<xmin>880</xmin>
<ymin>763</ymin>
<xmax>998</xmax>
<ymax>866</ymax>
</bndbox>
</object>
<object>
<name>no_safety_vest</name>
<pose>Unspecified</pose>
<truncated>0</truncated>
<difficult>0</difficult>
<bndbox>
<xmin>750</xmin>
<ymin>178</ymin>
<xmax>1228</xmax>
<ymax>704</ymax>
</bndbox>
</object>
<object>
<name>no_safety_vest</name>
<pose>Unspecified</pose>
<truncated>0</truncated>
<difficult>0</difficult>
<bndbox>
<xmin>1099</xmin>
<ymin>876</ymin>
<xmax>1159</xmax>
<ymax>891</ymax>
</bndbox>
</object>
<object>
<name>person</name>
<pose>Unspecified</pose>
<truncated>0</truncated>
<difficult>0</difficult>
<bndbox>
<xmin>472</xmin>
<ymin>122</ymin>
<xmax>1229</xmax>
<ymax>944</ymax>
</bndbox>
</object>
</annotation>
