<?xml version="1.0" encoding="utf-8"?>
<annotation>
<folder>images</folder>
<filename>4f083d81-image81.png</filename>
<source>
<database>MyDatabase</database>
<annotation>COCO2017</annotation>
<image>flickr</image>
<flickrid>NULL</flickrid>
<annotator>1</annotator>
</source>
<owner>
<flickrid>NULL</flickrid>
<name>Label Studio</name>
</owner>
<size>
<width>2121</width>
<height>1414</height>
<depth>3</depth>
</size>
<segmented>0</segmented>
<object>
<name>hard_hat</name>
<pose>Unspecified</pose>
<truncated>0</truncated>
<difficult>0</difficult>
<bndbox>
<xmin>851</xmin>
<ymin>221</ymin>
<xmax>1065</xmax>
<ymax>466</ymax>
</bndbox>
</object>
<object>
<name>hard_hat</name>
<pose>Unspecified</pose>
<truncated>0</truncated>
<difficult>0</difficult>
<bndbox>
<xmin>1708</xmin>
<ymin>688</ymin>
<xmax>1971</xmax>
<ymax>847</ymax>
</bndbox>
</object>
<object>
<name>no_eye_protection</name>
<pose>Unspecified</pose>
<truncated>0</truncated>
<difficult>0</difficult>
<bndbox>
<xmin>905</xmin>
<ymin>441</ymin>
<xmax>966</xmax>
<ymax>482</ymax>
</bndbox>
</object>
<object>
<name>no_eye_protection</name>
<pose>Unspecified</pose>
<truncated>0</truncated>
<difficult>0</difficult>
<bndbox>
<xmin>1754</xmin>
<ymin>807</ymin>
<xmax>1787</xmax>
<ymax>832</ymax>
</bndbox>
</object>
<object>
<name>safety_vest</name>
<pose>Unspecified</pose>
<truncated>0</truncated>
<difficult>0</difficult>
<bndbox>
<xmin>327</xmin>
<ymin>368</ymin>
<xmax>866</xmax>
<ymax>677</ymax>
</bndbox>
</object>
<object>
<name>safety_vest</name>
<pose>Unspecified</pose>
<truncated>0</truncated>
<difficult>0</difficult>
<bndbox>
<xmin>1550</xmin>
<ymin>895</ymin>
<xmax>1975</xmax>
<ymax>1359</ymax>
</bndbox>
</object>
<object>
<name>safety_boots</name>
<pose>Unspecified</pose>
<truncated>0</truncated>
<difficult>0</difficult>
<bndbox>
<xmin>670</xmin>
<ymin>1194</ymin>
<xmax>987</xmax>
<ymax>1356</ymax>
</bndbox>
</object>
<object>
<name>safety_boots</name>
<pose>Unspecified</pose>
<truncated>0</truncated>
<difficult>0</difficult>
<bndbox>
<xmin>936</xmin>
<ymin>1088</ymin>
<xmax>1224</xmax>
<ymax>1258</ymax>
</bndbox>
</object>
<object>
<name>safety_boots</name>
<pose>Unspecified</pose>
<truncated>0</truncated>
<difficult>0</difficult>
<bndbox>
<xmin>152</xmin>
<ymin>1238</ymin>
<xmax>296</xmax>
<ymax>1400</ymax>
</bndbox>
</object>
<object>
<name>safety_gloves</name>
<pose>Unspecified</pose>
<truncated>0</truncated>
<difficult>0</difficult>
<bndbox>
<xmin>851</xmin>
<ymin>534</ymin>
<xmax>998</xmax>
<ymax>675</ymax>
</bndbox>
</object>
<object>
<name>safety_gloves</name>
<pose>Unspecified</pose>
<truncated>0</truncated>
<difficult>0</difficult>
<bndbox>
<xmin>1029</xmin>
<ymin>949</ymin>
<xmax>1165</xmax>
<ymax>1098</ymax>
</bndbox>
</object>
<object>
<name>safety_gloves</name>
<pose>Unspecified</pose>
<truncated>0</truncated>
<difficult>0</difficult>
<bndbox>
<xmin>1339</xmin>
<ymin>807</ymin>
<xmax>1470</xmax>
<ymax>954</ymax>
</bndbox>
</object>
<object>
<name>safety_gloves</name>
<pose>Unspecified</pose>
<truncated>0</truncated>
<difficult>0</difficult>
<bndbox>
<xmin>1266</xmin>
<ymin>874</ymin>
<xmax>1345</xmax>
<ymax>972</ymax>
</bndbox>
</object>
<object>
<name>person</name>
<pose>Unspecified</pose>
<truncated>0</truncated>
<difficult>0</difficult>
<bndbox>
<xmin>154</xmin>
<ymin>224</ymin>
<xmax>1157</xmax>
<ymax>1390</ymax>
</bndbox>
</object>
<object>
<name>person</name>
<pose>Unspecified</pose>
<truncated>0</truncated>
<difficult>0</difficult>
<bndbox>
<xmin>946</xmin>
<ymin>686</ymin>
<xmax>1988</xmax>
<ymax>1369</ymax>
</bndbox>
</object>
</annotation>
