<?xml version="1.0" encoding="utf-8"?>
<annotation>
<folder>images</folder>
<filename>583569fa-image99.png</filename>
<source>
<database>MyDatabase</database>
<annotation>COCO2017</annotation>
<image>flickr</image>
<flickrid>NULL</flickrid>
<annotator>1</annotator>
</source>
<owner>
<flickrid>NULL</flickrid>
<name>Label Studio</name>
</owner>
<size>
<width>1600</width>
<height>1290</height>
<depth>3</depth>
</size>
<segmented>0</segmented>
<object>
<name>hard_hat</name>
<pose>Unspecified</pose>
<truncated>0</truncated>
<difficult>0</difficult>
<bndbox>
<xmin>863</xmin>
<ymin>256</ymin>
<xmax>971</xmax>
<ymax>324</ymax>
</bndbox>
</object>
<object>
<name>no_safety_vest</name>
<pose>Unspecified</pose>
<truncated>0</truncated>
<difficult>0</difficult>
<bndbox>
<xmin>863</xmin>
<ymin>381</ymin>
<xmax>1013</xmax>
<ymax>606</ymax>
</bndbox>
</object>
<object>
<name>safety_gloves</name>
<pose>Unspecified</pose>
<truncated>0</truncated>
<difficult>0</difficult>
<bndbox>
<xmin>1019</xmin>
<ymin>287</ymin>
<xmax>1087</xmax>
<ymax>362</ymax>
</bndbox>
</object>
<object>
<name>safety_boots</name>
<pose>Unspecified</pose>
<truncated>0</truncated>
<difficult>0</difficult>
<bndbox>
<xmin>750</xmin>
<ymin>805</ymin>
<xmax>827</xmax>
<ymax>927</ymax>
</bndbox>
</object>
<object>
<name>safety_boots</name>
<pose>Unspecified</pose>
<truncated>0</truncated>
<difficult>0</difficult>
<bndbox>
<xmin>1033</xmin>
<ymin>878</ymin>
<xmax>1124</xmax>
<ymax>955</ymax>
</bndbox>
</object>
<object>
<name>person</name>
<pose>Unspecified</pose>
<truncated>0</truncated>
<difficult>0</difficult>
<bndbox>
<xmin>760</xmin>
<ymin>256</ymin>
<xmax>1110</xmax>
<ymax>955</ymax>
</bndbox>
</object>
</annotation>
