<?xml version="1.0" encoding="utf-8"?>
<annotation>
<folder>images</folder>
<filename>5ae3a7a2-image107.jpg</filename>
<source>
<database>MyDatabase</database>
<annotation>COCO2017</annotation>
<image>flickr</image>
<flickrid>NULL</flickrid>
<annotator>1</annotator>
</source>
<owner>
<flickrid>NULL</flickrid>
<name>Label Studio</name>
</owner>
<size>
<width>1170</width>
<height>780</height>
<depth>3</depth>
</size>
<segmented>0</segmented>
<object>
<name>eye_protection</name>
<pose>Unspecified</pose>
<truncated>0</truncated>
<difficult>0</difficult>
<bndbox>
<xmin>374</xmin>
<ymin>123</ymin>
<xmax>652</xmax>
<ymax>423</ymax>
</bndbox>
</object>
<object>
<name>no_hard_hat</name>
<pose>Unspecified</pose>
<truncated>0</truncated>
<difficult>0</difficult>
<bndbox>
<xmin>404</xmin>
<ymin>93</ymin>
<xmax>630</xmax>
<ymax>189</ymax>
</bndbox>
</object>
<object>
<name>safety_vest</name>
<pose>Unspecified</pose>
<truncated>0</truncated>
<difficult>0</difficult>
<bndbox>
<xmin>557</xmin>
<ymin>149</ymin>
<xmax>981</xmax>
<ymax>618</ymax>
</bndbox>
</object>
<object>
<name>safety_gloves</name>
<pose>Unspecified</pose>
<truncated>0</truncated>
<difficult>0</difficult>
<bndbox>
<xmin>510</xmin>
<ymin>559</ymin>
<xmax>616</xmax>
<ymax>684</ymax>
</bndbox>
</object>
<object>
<name>safety_gloves</name>
<pose>Unspecified</pose>
<truncated>0</truncated>
<difficult>0</difficult>
<bndbox>
<xmin>698</xmin>
<ymin>555</ymin>
<xmax>860</xmax>
<ymax>714</ymax>
</bndbox>
</object>
<object>
<name>person</name>
<pose>Unspecified</pose>
<truncated>0</truncated>
<difficult>0</difficult>
<bndbox>
<xmin>371</xmin>
<ymin>93</ymin>
<xmax>1091</xmax>
<ymax>774</ymax>
</bndbox>
</object>
</annotation>
