<?xml version="1.0" encoding="utf-8"?>
<annotation>
<folder>images</folder>
<filename>60a56027-image40.jpg</filename>
<source>
<database>MyDatabase</database>
<annotation>COCO2017</annotation>
<image>flickr</image>
<flickrid>NULL</flickrid>
<annotator>1</annotator>
</source>
<owner>
<flickrid>NULL</flickrid>
<name>Label Studio</name>
</owner>
<size>
<width>1500</width>
<height>1101</height>
<depth>3</depth>
</size>
<segmented>0</segmented>
<object>
<name>hard_hat</name>
<pose>Unspecified</pose>
<truncated>0</truncated>
<difficult>0</difficult>
<bndbox>
<xmin>972</xmin>
<ymin>110</ymin>
<xmax>1158</xmax>
<ymax>268</ymax>
</bndbox>
</object>
<object>
<name>safety_vest</name>
<pose>Unspecified</pose>
<truncated>0</truncated>
<difficult>0</difficult>
<bndbox>
<xmin>721</xmin>
<ymin>223</ymin>
<xmax>1138</xmax>
<ymax>634</ymax>
</bndbox>
</object>
<object>
<name>no_safety_gloves</name>
<pose>Unspecified</pose>
<truncated>0</truncated>
<difficult>0</difficult>
<bndbox>
<xmin>998</xmin>
<ymin>646</ymin>
<xmax>1060</xmax>
<ymax>760</ymax>
</bndbox>
</object>
<object>
<name>no_safety_gloves</name>
<pose>Unspecified</pose>
<truncated>0</truncated>
<difficult>0</difficult>
<bndbox>
<xmin>908</xmin>
<ymin>534</ymin>
<xmax>1004</xmax>
<ymax>622</ymax>
</bndbox>
</object>
<object>
<name>person</name>
<pose>Unspecified</pose>
<truncated>0</truncated>
<difficult>0</difficult>
<bndbox>
<xmin>634</xmin>
<ymin>102</ymin>
<xmax>1214</xmax>
<ymax>1000</ymax>
</bndbox>
</object>
</annotation>
