<?xml version="1.0" encoding="utf-8"?>
<annotation>
<folder>images</folder>
<filename>6f8751bd-image27.jpg</filename>
<source>
<database>MyDatabase</database>
<annotation>COCO2017</annotation>
<image>flickr</image>
<flickrid>NULL</flickrid>
<annotator>1</annotator>
</source>
<owner>
<flickrid>NULL</flickrid>
<name>Label Studio</name>
</owner>
<size>
<width>612</width>
<height>408</height>
<depth>3</depth>
</size>
<segmented>0</segmented>
<object>
<name>hard_hat</name>
<pose>Unspecified</pose>
<truncated>0</truncated>
<difficult>0</difficult>
<bndbox>
<xmin>245</xmin>
<ymin>73</ymin>
<xmax>298</xmax>
<ymax>115</ymax>
</bndbox>
</object>
<object>
<name>no_eye_protection</name>
<pose>Unspecified</pose>
<truncated>0</truncated>
<difficult>0</difficult>
<bndbox>
<xmin>261</xmin>
<ymin>110</ymin>
<xmax>290</xmax>
<ymax>126</ymax>
</bndbox>
</object>
<object>
<name>safety_vest</name>
<pose>Unspecified</pose>
<truncated>0</truncated>
<difficult>0</difficult>
<bndbox>
<xmin>247</xmin>
<ymin>129</ymin>
<xmax>366</xmax>
<ymax>221</ymax>
</bndbox>
</object>
<object>
<name>no_safety_gloves</name>
<pose>Unspecified</pose>
<truncated>0</truncated>
<difficult>0</difficult>
<bndbox>
<xmin>306</xmin>
<ymin>227</ymin>
<xmax>335</xmax>
<ymax>260</ymax>
</bndbox>
</object>
<object>
<name>no_safety_gloves</name>
<pose>Unspecified</pose>
<truncated>0</truncated>
<difficult>0</difficult>
<bndbox>
<xmin>294</xmin>
<ymin>251</ymin>
<xmax>328</xmax>
<ymax>280</ymax>
</bndbox>
</object>
<object>
<name>safety_boots</name>
<pose>Unspecified</pose>
<truncated>0</truncated>
<difficult>0</difficult>
<bndbox>
<xmin>341</xmin>
<ymin>296</ymin>
<xmax>388</xmax>
<ymax>365</ymax>
</bndbox>
</object>
<object>
<name>safety_boots</name>
<pose>Unspecified</pose>
<truncated>0</truncated>
<difficult>0</difficult>
<bndbox>
<xmin>395</xmin>
<ymin>308</ymin>
<xmax>427</xmax>
<ymax>364</ymax>
</bndbox>
</object>
<object>
<name>person</name>
<pose>Unspecified</pose>
<truncated>0</truncated>
<difficult>0</difficult>
<bndbox>
<xmin>236</xmin>
<ymin>72</ymin>
<xmax>428</xmax>
<ymax>370</ymax>
</bndbox>
</object>
</annotation>
