<?xml version="1.0" encoding="utf-8"?>
<annotation>
<folder>images</folder>
<filename>81ad169e-image8.png</filename>
<source>
<database>MyDatabase</database>
<annotation>COCO2017</annotation>
<image>flickr</image>
<flickrid>NULL</flickrid>
<annotator>1</annotator>
</source>
<owner>
<flickrid>NULL</flickrid>
<name>Label Studio</name>
</owner>
<size>
<width>1728</width>
<height>1539</height>
<depth>3</depth>
</size>
<segmented>0</segmented>
<object>
<name>no_hard_hat</name>
<pose>Unspecified</pose>
<truncated>0</truncated>
<difficult>0</difficult>
<bndbox>
<xmin>682</xmin>
<ymin>224</ymin>
<xmax>957</xmax>
<ymax>513</ymax>
</bndbox>
</object>
<object>
<name>no_safety_gloves</name>
<pose>Unspecified</pose>
<truncated>0</truncated>
<difficult>0</difficult>
<bndbox>
<xmin>912</xmin>
<ymin>940</ymin>
<xmax>1133</xmax>
<ymax>1069</ymax>
</bndbox>
</object>
<object>
<name>no_safety_gloves</name>
<pose>Unspecified</pose>
<truncated>0</truncated>
<difficult>0</difficult>
<bndbox>
<xmin>1182</xmin>
<ymin>904</ymin>
<xmax>1297</xmax>
<ymax>1094</ymax>
</bndbox>
</object>
<object>
<name>person</name>
<pose>Unspecified</pose>
<truncated>0</truncated>
<difficult>0</difficult>
<bndbox>
<xmin>351</xmin>
<ymin>213</ymin>
<xmax>1303</xmax>
<ymax>1089</ymax>
</bndbox>
</object>
<object>
<name>safety_vest</name>
<pose>Unspecified</pose>
<truncated>0</truncated>
<difficult>0</difficult>
<bndbox>
<xmin>367</xmin>
<ymin>325</ymin>
<xmax>869</xmax>
<ymax>791</ymax>
</bndbox>
</object>
</annotation>
