<?xml version="1.0" encoding="utf-8"?>
<annotation>
<folder>images</folder>
<filename>a8306688-image96.jpg</filename>
<source>
<database>MyDatabase</database>
<annotation>COCO2017</annotation>
<image>flickr</image>
<flickrid>NULL</flickrid>
<annotator>1</annotator>
</source>
<owner>
<flickrid>NULL</flickrid>
<name>Label Studio</name>
</owner>
<size>
<width>1000</width>
<height>750</height>
<depth>3</depth>
</size>
<segmented>0</segmented>
<object>
<name>hard_hat</name>
<pose>Unspecified</pose>
<truncated>0</truncated>
<difficult>0</difficult>
<bndbox>
<xmin>622</xmin>
<ymin>124</ymin>
<xmax>693</xmax>
<ymax>180</ymax>
</bndbox>
</object>
<object>
<name>safety_vest</name>
<pose>Unspecified</pose>
<truncated>0</truncated>
<difficult>0</difficult>
<bndbox>
<xmin>581</xmin>
<ymin>172</ymin>
<xmax>768</xmax>
<ymax>315</ymax>
</bndbox>
</object>
<object>
<name>hard_hat</name>
<pose>Unspecified</pose>
<truncated>0</truncated>
<difficult>0</difficult>
<bndbox>
<xmin>554</xmin>
<ymin>394</ymin>
<xmax>627</xmax>
<ymax>480</ymax>
</bndbox>
</object>
<object>
<name>no_safety_gloves</name>
<pose>Unspecified</pose>
<truncated>0</truncated>
<difficult>0</difficult>
<bndbox>
<xmin>725</xmin>
<ymin>344</ymin>
<xmax>748</xmax>
<ymax>402</ymax>
</bndbox>
</object>
<object>
<name>person</name>
<pose>Unspecified</pose>
<truncated>0</truncated>
<difficult>0</difficult>
<bndbox>
<xmin>442</xmin>
<ymin>391</ymin>
<xmax>618</xmax>
<ymax>588</ymax>
</bndbox>
</object>
<object>
<name>person</name>
<pose>Unspecified</pose>
<truncated>0</truncated>
<difficult>0</difficult>
<bndbox>
<xmin>576</xmin>
<ymin>128</ymin>
<xmax>770</xmax>
<ymax>520</ymax>
</bndbox>
</object>
</annotation>
