<?xml version="1.0" encoding="utf-8"?>
<annotation>
<folder>images</folder>
<filename>a90d820a-image24.jpeg</filename>
<source>
<database>MyDatabase</database>
<annotation>COCO2017</annotation>
<image>flickr</image>
<flickrid>NULL</flickrid>
<annotator>1</annotator>
</source>
<owner>
<flickrid>NULL</flickrid>
<name>Label Studio</name>
</owner>
<size>
<width>2560</width>
<height>2055</height>
<depth>3</depth>
</size>
<segmented>0</segmented>
<object>
<name>hard_hat</name>
<pose>Unspecified</pose>
<truncated>0</truncated>
<difficult>0</difficult>
<bndbox>
<xmin>746</xmin>
<ymin>146</ymin>
<xmax>1034</xmax>
<ymax>326</ymax>
</bndbox>
</object>
<object>
<name>no_hard_hat</name>
<pose>Unspecified</pose>
<truncated>0</truncated>
<difficult>0</difficult>
<bndbox>
<xmin>1455</xmin>
<ymin>1218</ymin>
<xmax>1800</xmax>
<ymax>1476</ymax>
</bndbox>
</object>
<object>
<name>no_safety_gloves</name>
<pose>Unspecified</pose>
<truncated>0</truncated>
<difficult>0</difficult>
<bndbox>
<xmin>1170</xmin>
<ymin>101</ymin>
<xmax>1312</xmax>
<ymax>333</ymax>
</bndbox>
</object>
<object>
<name>safety_gloves</name>
<pose>Unspecified</pose>
<truncated>0</truncated>
<difficult>0</difficult>
<bndbox>
<xmin>1001</xmin>
<ymin>1372</ymin>
<xmax>1229</xmax>
<ymax>1552</ymax>
</bndbox>
</object>
<object>
<name>safety_gloves</name>
<pose>Unspecified</pose>
<truncated>0</truncated>
<difficult>0</difficult>
<bndbox>
<xmin>1530</xmin>
<ymin>986</ymin>
<xmax>1788</xmax>
<ymax>1106</ymax>
</bndbox>
</object>
<object>
<name>safety_vest</name>
<pose>Unspecified</pose>
<truncated>0</truncated>
<difficult>0</difficult>
<bndbox>
<xmin>622</xmin>
<ymin>386</ymin>
<xmax>1060</xmax>
<ymax>1162</ymax>
</bndbox>
</object>
<object>
<name>safety_vest</name>
<pose>Unspecified</pose>
<truncated>0</truncated>
<difficult>0</difficult>
<bndbox>
<xmin>1271</xmin>
<ymin>967</ymin>
<xmax>1953</xmax>
<ymax>1398</ymax>
</bndbox>
</object>
<object>
<name>safety_boots</name>
<pose>Unspecified</pose>
<truncated>0</truncated>
<difficult>0</difficult>
<bndbox>
<xmin>690</xmin>
<ymin>1102</ymin>
<xmax>1031</xmax>
<ymax>1210</ymax>
</bndbox>
</object>
<object>
<name>safety_boots</name>
<pose>Unspecified</pose>
<truncated>0</truncated>
<difficult>0</difficult>
<bndbox>
<xmin>1432</xmin>
<ymin>903</ymin>
<xmax>1642</xmax>
<ymax>1000</ymax>
</bndbox>
</object>
<object>
<name>safety_boots</name>
<pose>Unspecified</pose>
<truncated>0</truncated>
<difficult>0</difficult>
<bndbox>
<xmin>1125</xmin>
<ymin>930</ymin>
<xmax>1331</xmax>
<ymax>1038</ymax>
</bndbox>
</object>
<object>
<name>person</name>
<pose>Unspecified</pose>
<truncated>0</truncated>
<difficult>0</difficult>
<bndbox>
<xmin>1031</xmin>
<ymin>907</ymin>
<xmax>1961</xmax>
<ymax>1563</ymax>
</bndbox>
</object>
<object>
<name>person</name>
<pose>Unspecified</pose>
<truncated>0</truncated>
<difficult>0</difficult>
<bndbox>
<xmin>566</xmin>
<ymin>97</ymin>
<xmax>1316</xmax>
<ymax>1199</ymax>
</bndbox>
</object>
</annotation>
