<?xml version="1.0" encoding="utf-8"?>
<annotation>
<folder>images</folder>
<filename>afb592e7-image14.jpg</filename>
<source>
<database>MyDatabase</database>
<annotation>COCO2017</annotation>
<image>flickr</image>
<flickrid>NULL</flickrid>
<annotator>1</annotator>
</source>
<owner>
<flickrid>NULL</flickrid>
<name>Label Studio</name>
</owner>
<size>
<width>1300</width>
<height>957</height>
<depth>3</depth>
</size>
<segmented>0</segmented>
<object>
<name>eye_protection</name>
<pose>Unspecified</pose>
<truncated>0</truncated>
<difficult>0</difficult>
<bndbox>
<xmin>918</xmin>
<ymin>1</ymin>
<xmax>1083</xmax>
<ymax>128</ymax>
</bndbox>
</object>
<object>
<name>no_hard_hat</name>
<pose>Unspecified</pose>
<truncated>0</truncated>
<difficult>0</difficult>
<bndbox>
<xmin>1075</xmin>
<ymin>0</ymin>
<xmax>1162</xmax>
<ymax>69</ymax>
</bndbox>
</object>
<object>
<name>no_safety_vest</name>
<pose>Unspecified</pose>
<truncated>0</truncated>
<difficult>0</difficult>
<bndbox>
<xmin>12</xmin>
<ymin>6</ymin>
<xmax>759</xmax>
<ymax>479</ymax>
</bndbox>
</object>
<object>
<name>no_safety_gloves</name>
<pose>Unspecified</pose>
<truncated>0</truncated>
<difficult>0</difficult>
<bndbox>
<xmin>330</xmin>
<ymin>590</ymin>
<xmax>649</xmax>
<ymax>799</ymax>
</bndbox>
</object>
<object>
<name>no_safety_gloves</name>
<pose>Unspecified</pose>
<truncated>0</truncated>
<difficult>0</difficult>
<bndbox>
<xmin>674</xmin>
<ymin>417</ymin>
<xmax>862</xmax>
<ymax>633</ymax>
</bndbox>
</object>
<object>
<name>person</name>
<pose>Unspecified</pose>
<truncated>0</truncated>
<difficult>0</difficult>
<bndbox>
<xmin>5</xmin>
<ymin>0</ymin>
<xmax>1161</xmax>
<ymax>833</ymax>
</bndbox>
</object>
</annotation>
