<?xml version="1.0" encoding="utf-8"?>
<annotation>
<folder>images</folder>
<filename>b101e951-image18.jpg</filename>
<source>
<database>MyDatabase</database>
<annotation>COCO2017</annotation>
<image>flickr</image>
<flickrid>NULL</flickrid>
<annotator>1</annotator>
</source>
<owner>
<flickrid>NULL</flickrid>
<name>Label Studio</name>
</owner>
<size>
<width>3024</width>
<height>4032</height>
<depth>3</depth>
</size>
<segmented>0</segmented>
<object>
<name>no_hard_hat</name>
<pose>Unspecified</pose>
<truncated>0</truncated>
<difficult>0</difficult>
<bndbox>
<xmin>1258</xmin>
<ymin>367</ymin>
<xmax>2089</xmax>
<ymax>940</ymax>
</bndbox>
</object>
<object>
<name>no_eye_protection</name>
<pose>Unspecified</pose>
<truncated>0</truncated>
<difficult>0</difficult>
<bndbox>
<xmin>1500</xmin>
<ymin>919</ymin>
<xmax>1867</xmax>
<ymax>1007</ymax>
</bndbox>
</object>
<object>
<name>no_safety_gloves</name>
<pose>Unspecified</pose>
<truncated>0</truncated>
<difficult>0</difficult>
<bndbox>
<xmin>1169</xmin>
<ymin>1692</ymin>
<xmax>1441</xmax>
<ymax>2030</ymax>
</bndbox>
</object>
<object>
<name>no_safety_gloves</name>
<pose>Unspecified</pose>
<truncated>0</truncated>
<difficult>0</difficult>
<bndbox>
<xmin>1552</xmin>
<ymin>1802</ymin>
<xmax>1846</xmax>
<ymax>2074</ymax>
</bndbox>
</object>
<object>
<name>no_safety_vest</name>
<pose>Unspecified</pose>
<truncated>0</truncated>
<difficult>0</difficult>
<bndbox>
<xmin>1449</xmin>
<ymin>949</ymin>
<xmax>2206</xmax>
<ymax>2030</ymax>
</bndbox>
</object>
<object>
<name>person</name>
<pose>Unspecified</pose>
<truncated>0</truncated>
<difficult>0</difficult>
<bndbox>
<xmin>1147</xmin>
<ymin>478</ymin>
<xmax>2441</xmax>
<ymax>3980</ymax>
</bndbox>
</object>
</annotation>
