<?xml version="1.0" encoding="utf-8"?>
<annotation>
<folder>images</folder>
<filename>b328e83b-image88.png</filename>
<source>
<database>MyDatabase</database>
<annotation>COCO2017</annotation>
<image>flickr</image>
<flickrid>NULL</flickrid>
<annotator>1</annotator>
</source>
<owner>
<flickrid>NULL</flickrid>
<name>Label Studio</name>
</owner>
<size>
<width>391</width>
<height>280</height>
<depth>3</depth>
</size>
<segmented>0</segmented>
<object>
<name>hard_hat</name>
<pose>Unspecified</pose>
<truncated>0</truncated>
<difficult>0</difficult>
<bndbox>
<xmin>251</xmin>
<ymin>45</ymin>
<xmax>278</xmax>
<ymax>66</ymax>
</bndbox>
</object>
<object>
<name>hard_hat</name>
<pose>Unspecified</pose>
<truncated>0</truncated>
<difficult>0</difficult>
<bndbox>
<xmin>208</xmin>
<ymin>123</ymin>
<xmax>289</xmax>
<ymax>195</ymax>
</bndbox>
</object>
<object>
<name>no_safety_gloves</name>
<pose>Unspecified</pose>
<truncated>0</truncated>
<difficult>0</difficult>
<bndbox>
<xmin>19</xmin>
<ymin>152</ymin>
<xmax>78</xmax>
<ymax>203</ymax>
</bndbox>
</object>
<object>
<name>no_safety_gloves</name>
<pose>Unspecified</pose>
<truncated>0</truncated>
<difficult>0</difficult>
<bndbox>
<xmin>265</xmin>
<ymin>182</ymin>
<xmax>310</xmax>
<ymax>197</ymax>
</bndbox>
</object>
<object>
<name>no_safety_gloves</name>
<pose>Unspecified</pose>
<truncated>0</truncated>
<difficult>0</difficult>
<bndbox>
<xmin>285</xmin>
<ymin>99</ymin>
<xmax>300</xmax>
<ymax>115</ymax>
</bndbox>
</object>
<object>
<name>safety_vest</name>
<pose>Unspecified</pose>
<truncated>0</truncated>
<difficult>0</difficult>
<bndbox>
<xmin>247</xmin>
<ymin>82</ymin>
<xmax>301</xmax>
<ymax>139</ymax>
</bndbox>
</object>
<object>
<name>safety_vest</name>
<pose>Unspecified</pose>
<truncated>0</truncated>
<difficult>0</difficult>
<bndbox>
<xmin>164</xmin>
<ymin>128</ymin>
<xmax>286</xmax>
<ymax>196</ymax>
</bndbox>
</object>
<object>
<name>no_eye_protection</name>
<pose>Unspecified</pose>
<truncated>0</truncated>
<difficult>0</difficult>
<bndbox>
<xmin>256</xmin>
<ymin>68</ymin>
<xmax>271</xmax>
<ymax>73</ymax>
</bndbox>
</object>
<object>
<name>person</name>
<pose>Unspecified</pose>
<truncated>0</truncated>
<difficult>0</difficult>
<bndbox>
<xmin>239</xmin>
<ymin>47</ymin>
<xmax>325</xmax>
<ymax>154</ymax>
</bndbox>
</object>
<object>
<name>person</name>
<pose>Unspecified</pose>
<truncated>0</truncated>
<difficult>0</difficult>
<bndbox>
<xmin>20</xmin>
<ymin>123</ymin>
<xmax>362</xmax>
<ymax>204</ymax>
</bndbox>
</object>
</annotation>
