<?xml version="1.0" encoding="utf-8"?>
<annotation>
<folder>images</folder>
<filename>b5de7f0a-image124.png</filename>
<source>
<database>MyDatabase</database>
<annotation>COCO2017</annotation>
<image>flickr</image>
<flickrid>NULL</flickrid>
<annotator>1</annotator>
</source>
<owner>
<flickrid>NULL</flickrid>
<name>Label Studio</name>
</owner>
<size>
<width>1000</width>
<height>869</height>
<depth>3</depth>
</size>
<segmented>0</segmented>
<object>
<name>safety_gloves</name>
<pose>Unspecified</pose>
<truncated>0</truncated>
<difficult>0</difficult>
<bndbox>
<xmin>199</xmin>
<ymin>248</ymin>
<xmax>597</xmax>
<ymax>777</ymax>
</bndbox>
</object>
<object>
<name>hard_hat</name>
<pose>Unspecified</pose>
<truncated>0</truncated>
<difficult>0</difficult>
<bndbox>
<xmin>685</xmin>
<ymin>101</ymin>
<xmax>999</xmax>
<ymax>332</ymax>
</bndbox>
</object>
<object>
<name>eye_protection</name>
<pose>Unspecified</pose>
<truncated>0</truncated>
<difficult>0</difficult>
<bndbox>
<xmin>734</xmin>
<ymin>312</ymin>
<xmax>999</xmax>
<ymax>438</ymax>
</bndbox>
</object>
<object>
<name>person</name>
<pose>Unspecified</pose>
<truncated>0</truncated>
<difficult>0</difficult>
<bndbox>
<xmin>1</xmin>
<ymin>93</ymin>
<xmax>995</xmax>
<ymax>864</ymax>
</bndbox>
</object>
</annotation>
