<?xml version="1.0" encoding="utf-8"?>
<annotation>
<folder>images</folder>
<filename>b760aba7-image33.jpg</filename>
<source>
<database>MyDatabase</database>
<annotation>COCO2017</annotation>
<image>flickr</image>
<flickrid>NULL</flickrid>
<annotator>1</annotator>
</source>
<owner>
<flickrid>NULL</flickrid>
<name>Label Studio</name>
</owner>
<size>
<width>3456</width>
<height>4608</height>
<depth>3</depth>
</size>
<segmented>0</segmented>
<object>
<name>no_hard_hat</name>
<pose>Unspecified</pose>
<truncated>0</truncated>
<difficult>0</difficult>
<bndbox>
<xmin>1236</xmin>
<ymin>1555</ymin>
<xmax>1580</xmax>
<ymax>1782</ymax>
</bndbox>
</object>
<object>
<name>no_eye_protection</name>
<pose>Unspecified</pose>
<truncated>0</truncated>
<difficult>0</difficult>
<bndbox>
<xmin>1278</xmin>
<ymin>1833</ymin>
<xmax>1462</xmax>
<ymax>1925</ymax>
</bndbox>
</object>
<object>
<name>no_safety_vest</name>
<pose>Unspecified</pose>
<truncated>0</truncated>
<difficult>0</difficult>
<bndbox>
<xmin>1387</xmin>
<ymin>1774</ymin>
<xmax>2017</xmax>
<ymax>2766</ymax>
</bndbox>
</object>
<object>
<name>safety_gloves</name>
<pose>Unspecified</pose>
<truncated>0</truncated>
<difficult>0</difficult>
<bndbox>
<xmin>1210</xmin>
<ymin>2278</ymin>
<xmax>1369</xmax>
<ymax>2505</ymax>
</bndbox>
</object>
<object>
<name>safety_gloves</name>
<pose>Unspecified</pose>
<truncated>0</truncated>
<difficult>0</difficult>
<bndbox>
<xmin>1681</xmin>
<ymin>2379</ymin>
<xmax>1874</xmax>
<ymax>2563</ymax>
</bndbox>
</object>
<object>
<name>safety_boots</name>
<pose>Unspecified</pose>
<truncated>0</truncated>
<difficult>0</difficult>
<bndbox>
<xmin>1774</xmin>
<ymin>3506</ymin>
<xmax>2043</xmax>
<ymax>3892</ymax>
</bndbox>
</object>
<object>
<name>safety_boots</name>
<pose>Unspecified</pose>
<truncated>0</truncated>
<difficult>0</difficult>
<bndbox>
<xmin>1303</xmin>
<ymin>3514</ymin>
<xmax>1647</xmax>
<ymax>3867</ymax>
</bndbox>
</object>
<object>
<name>person</name>
<pose>Unspecified</pose>
<truncated>0</truncated>
<difficult>0</difficult>
<bndbox>
<xmin>1143</xmin>
<ymin>1530</ymin>
<xmax>2143</xmax>
<ymax>3926</ymax>
</bndbox>
</object>
<object>
<name>person</name>
<pose>Unspecified</pose>
<truncated>0</truncated>
<difficult>0</difficult>
<bndbox>
<xmin>2245</xmin>
<ymin>1227</ymin>
<xmax>2556</xmax>
<ymax>1924</ymax>
</bndbox>
</object>
<object>
<name>person</name>
<pose>Unspecified</pose>
<truncated>0</truncated>
<difficult>0</difficult>
<bndbox>
<xmin>1017</xmin>
<ymin>1194</ymin>
<xmax>1227</xmax>
<ymax>1622</ymax>
</bndbox>
</object>
<object>
<name>no_hard_hat</name>
<pose>Unspecified</pose>
<truncated>0</truncated>
<difficult>0</difficult>
<bndbox>
<xmin>2312</xmin>
<ymin>1244</ymin>
<xmax>2463</xmax>
<ymax>1344</ymax>
</bndbox>
</object>
<object>
<name>no_hard_hat</name>
<pose>Unspecified</pose>
<truncated>0</truncated>
<difficult>0</difficult>
<bndbox>
<xmin>1051</xmin>
<ymin>1252</ymin>
<xmax>1160</xmax>
<ymax>1344</ymax>
</bndbox>
</object>
</annotation>
