<?xml version="1.0" encoding="utf-8"?>
<annotation>
<folder>images</folder>
<filename>b770201d-image28.jpg</filename>
<source>
<database>MyDatabase</database>
<annotation>COCO2017</annotation>
<image>flickr</image>
<flickrid>NULL</flickrid>
<annotator>1</annotator>
</source>
<owner>
<flickrid>NULL</flickrid>
<name>Label Studio</name>
</owner>
<size>
<width>1280</width>
<height>853</height>
<depth>3</depth>
</size>
<segmented>0</segmented>
<object>
<name>safety_gloves</name>
<pose>Unspecified</pose>
<truncated>0</truncated>
<difficult>0</difficult>
<bndbox>
<xmin>54</xmin>
<ymin>286</ymin>
<xmax>148</xmax>
<ymax>362</ymax>
</bndbox>
</object>
<object>
<name>safety_boots</name>
<pose>Unspecified</pose>
<truncated>0</truncated>
<difficult>0</difficult>
<bndbox>
<xmin>191</xmin>
<ymin>311</ymin>
<xmax>309</xmax>
<ymax>419</ymax>
</bndbox>
</object>
<object>
<name>safety_boots</name>
<pose>Unspecified</pose>
<truncated>0</truncated>
<difficult>0</difficult>
<bndbox>
<xmin>726</xmin>
<ymin>339</ymin>
<xmax>906</xmax>
<ymax>460</ymax>
</bndbox>
</object>
<object>
<name>person</name>
<pose>Unspecified</pose>
<truncated>0</truncated>
<difficult>0</difficult>
<bndbox>
<xmin>65</xmin>
<ymin>160</ymin>
<xmax>919</xmax>
<ymax>458</ymax>
</bndbox>
</object>
</annotation>
