<?xml version="1.0" encoding="utf-8"?>
<annotation>
<folder>images</folder>
<filename>c8c5c776-image25.jpg</filename>
<source>
<database>MyDatabase</database>
<annotation>COCO2017</annotation>
<image>flickr</image>
<flickrid>NULL</flickrid>
<annotator>1</annotator>
</source>
<owner>
<flickrid>NULL</flickrid>
<name>Label Studio</name>
</owner>
<size>
<width>1024</width>
<height>1024</height>
<depth>3</depth>
</size>
<segmented>0</segmented>
<object>
<name>hard_hat</name>
<pose>Unspecified</pose>
<truncated>0</truncated>
<difficult>0</difficult>
<bndbox>
<xmin>381</xmin>
<ymin>291</ymin>
<xmax>494</xmax>
<ymax>362</ymax>
</bndbox>
</object>
<object>
<name>no_eye_protection</name>
<pose>Unspecified</pose>
<truncated>0</truncated>
<difficult>0</difficult>
<bndbox>
<xmin>461</xmin>
<ymin>330</ymin>
<xmax>485</xmax>
<ymax>348</ymax>
</bndbox>
</object>
<object>
<name>safety_gloves</name>
<pose>Unspecified</pose>
<truncated>0</truncated>
<difficult>0</difficult>
<bndbox>
<xmin>375</xmin>
<ymin>366</ymin>
<xmax>520</xmax>
<ymax>599</ymax>
</bndbox>
</object>
<object>
<name>safety_gloves</name>
<pose>Unspecified</pose>
<truncated>0</truncated>
<difficult>0</difficult>
<bndbox>
<xmin>315</xmin>
<ymin>616</ymin>
<xmax>386</xmax>
<ymax>681</ymax>
</bndbox>
</object>
<object>
<name>safety_gloves</name>
<pose>Unspecified</pose>
<truncated>0</truncated>
<difficult>0</difficult>
<bndbox>
<xmin>549</xmin>
<ymin>295</ymin>
<xmax>606</xmax>
<ymax>356</ymax>
</bndbox>
</object>
<object>
<name>safety_boots</name>
<pose>Unspecified</pose>
<truncated>0</truncated>
<difficult>0</difficult>
<bndbox>
<xmin>734</xmin>
<ymin>429</ymin>
<xmax>812</xmax>
<ymax>513</ymax>
</bndbox>
</object>
<object>
<name>safety_boots</name>
<pose>Unspecified</pose>
<truncated>0</truncated>
<difficult>0</difficult>
<bndbox>
<xmin>500</xmin>
<ymin>773</ymin>
<xmax>589</xmax>
<ymax>870</ymax>
</bndbox>
</object>
<object>
<name>person</name>
<pose>Unspecified</pose>
<truncated>0</truncated>
<difficult>0</difficult>
<bndbox>
<xmin>328</xmin>
<ymin>285</ymin>
<xmax>808</xmax>
<ymax>873</ymax>
</bndbox>
</object>
</annotation>
