<?xml version="1.0" encoding="utf-8"?>
<annotation>
<folder>images</folder>
<filename>cba78e39-image111.png</filename>
<source>
<database>MyDatabase</database>
<annotation>COCO2017</annotation>
<image>flickr</image>
<flickrid>NULL</flickrid>
<annotator>1</annotator>
</source>
<owner>
<flickrid>NULL</flickrid>
<name>Label Studio</name>
</owner>
<size>
<width>1920</width>
<height>1080</height>
<depth>1</depth>
</size>
<segmented>0</segmented>
<object>
<name>eye_protection</name>
<pose>Unspecified</pose>
<truncated>0</truncated>
<difficult>0</difficult>
<bndbox>
<xmin>988</xmin>
<ymin>347</ymin>
<xmax>1164</xmax>
<ymax>409</ymax>
</bndbox>
</object>
<object>
<name>hard_hat</name>
<pose>Unspecified</pose>
<truncated>0</truncated>
<difficult>0</difficult>
<bndbox>
<xmin>966</xmin>
<ymin>256</ymin>
<xmax>1186</xmax>
<ymax>407</ymax>
</bndbox>
</object>
<object>
<name>safety_gloves</name>
<pose>Unspecified</pose>
<truncated>0</truncated>
<difficult>0</difficult>
<bndbox>
<xmin>748</xmin>
<ymin>323</ymin>
<xmax>838</xmax>
<ymax>452</ymax>
</bndbox>
</object>
<object>
<name>safety_gloves</name>
<pose>Unspecified</pose>
<truncated>0</truncated>
<difficult>0</difficult>
<bndbox>
<xmin>1413</xmin>
<ymin>92</ymin>
<xmax>1533</xmax>
<ymax>214</ymax>
</bndbox>
</object>
<object>
<name>safety_vest</name>
<pose>Unspecified</pose>
<truncated>0</truncated>
<difficult>0</difficult>
<bndbox>
<xmin>899</xmin>
<ymin>541</ymin>
<xmax>1293</xmax>
<ymax>946</ymax>
</bndbox>
</object>
<object>
<name>person</name>
<pose>Unspecified</pose>
<truncated>0</truncated>
<difficult>0</difficult>
<bndbox>
<xmin>692</xmin>
<ymin>81</ymin>
<xmax>1531</xmax>
<ymax>1079</ymax>
</bndbox>
</object>
</annotation>
