<?xml version="1.0" encoding="utf-8"?>
<annotation>
<folder>images</folder>
<filename>d3580369-image48.png</filename>
<source>
<database>MyDatabase</database>
<annotation>COCO2017</annotation>
<image>flickr</image>
<flickrid>NULL</flickrid>
<annotator>1</annotator>
</source>
<owner>
<flickrid>NULL</flickrid>
<name>Label Studio</name>
</owner>
<size>
<width>1200</width>
<height>765</height>
<depth>4</depth>
</size>
<segmented>0</segmented>
<object>
<name>person</name>
<pose>Unspecified</pose>
<truncated>0</truncated>
<difficult>0</difficult>
<bndbox>
<xmin>72</xmin>
<ymin>347</ymin>
<xmax>210</xmax>
<ymax>490</ymax>
</bndbox>
</object>
<object>
<name>person</name>
<pose>Unspecified</pose>
<truncated>0</truncated>
<difficult>0</difficult>
<bndbox>
<xmin>402</xmin>
<ymin>326</ymin>
<xmax>484</xmax>
<ymax>405</ymax>
</bndbox>
</object>
<object>
<name>no_hard_hat</name>
<pose>Unspecified</pose>
<truncated>0</truncated>
<difficult>0</difficult>
<bndbox>
<xmin>610</xmin>
<ymin>103</ymin>
<xmax>660</xmax>
<ymax>147</ymax>
</bndbox>
</object>
<object>
<name>no_hard_hat</name>
<pose>Unspecified</pose>
<truncated>0</truncated>
<difficult>0</difficult>
<bndbox>
<xmin>644</xmin>
<ymin>2</ymin>
<xmax>881</xmax>
<ymax>208</ymax>
</bndbox>
</object>
<object>
<name>no_safety_gloves</name>
<pose>Unspecified</pose>
<truncated>0</truncated>
<difficult>0</difficult>
<bndbox>
<xmin>773</xmin>
<ymin>210</ymin>
<xmax>820</xmax>
<ymax>233</ymax>
</bndbox>
</object>
<object>
<name>no_safety_gloves</name>
<pose>Unspecified</pose>
<truncated>0</truncated>
<difficult>0</difficult>
<bndbox>
<xmin>660</xmin>
<ymin>558</ymin>
<xmax>894</xmax>
<ymax>678</ymax>
</bndbox>
</object>
<object>
<name>no_safety_gloves</name>
<pose>Unspecified</pose>
<truncated>0</truncated>
<difficult>0</difficult>
<bndbox>
<xmin>541</xmin>
<ymin>503</ymin>
<xmax>642</xmax>
<ymax>602</ymax>
</bndbox>
</object>
<object>
<name>safety_boots</name>
<pose>Unspecified</pose>
<truncated>0</truncated>
<difficult>0</difficult>
<bndbox>
<xmin>989</xmin>
<ymin>661</ymin>
<xmax>1129</xmax>
<ymax>764</ymax>
</bndbox>
</object>
<object>
<name>no_safety_vest</name>
<pose>Unspecified</pose>
<truncated>0</truncated>
<difficult>0</difficult>
<bndbox>
<xmin>762</xmin>
<ymin>174</ymin>
<xmax>1091</xmax>
<ymax>465</ymax>
</bndbox>
</object>
<object>
<name>no_safety_vest</name>
<pose>Unspecified</pose>
<truncated>0</truncated>
<difficult>0</difficult>
<bndbox>
<xmin>568</xmin>
<ymin>154</ymin>
<xmax>658</xmax>
<ymax>314</ymax>
</bndbox>
</object>
<object>
<name>person</name>
<pose>Unspecified</pose>
<truncated>0</truncated>
<difficult>0</difficult>
<bndbox>
<xmin>517</xmin>
<ymin>101</ymin>
<xmax>674</xmax>
<ymax>370</ymax>
</bndbox>
</object>
<object>
<name>person</name>
<pose>Unspecified</pose>
<truncated>0</truncated>
<difficult>0</difficult>
<bndbox>
<xmin>534</xmin>
<ymin>8</ymin>
<xmax>1169</xmax>
<ymax>764</ymax>
</bndbox>
</object>
</annotation>
