<?xml version="1.0" encoding="utf-8"?>
<annotation>
<folder>images</folder>
<filename>e0387a63-image49.jpg</filename>
<source>
<database>MyDatabase</database>
<annotation>COCO2017</annotation>
<image>flickr</image>
<flickrid>NULL</flickrid>
<annotator>1</annotator>
</source>
<owner>
<flickrid>NULL</flickrid>
<name>Label Studio</name>
</owner>
<size>
<width>3900</width>
<height>2805</height>
<depth>3</depth>
</size>
<segmented>0</segmented>
<object>
<name>no_hard_hat</name>
<pose>Unspecified</pose>
<truncated>0</truncated>
<difficult>0</difficult>
<bndbox>
<xmin>2103</xmin>
<ymin>542</ymin>
<xmax>2548</xmax>
<ymax>874</ymax>
</bndbox>
</object>
<object>
<name>no_eye_protection</name>
<pose>Unspecified</pose>
<truncated>0</truncated>
<difficult>0</difficult>
<bndbox>
<xmin>2170</xmin>
<ymin>946</ymin>
<xmax>2492</xmax>
<ymax>1038</ymax>
</bndbox>
</object>
<object>
<name>no_safety_gloves</name>
<pose>Unspecified</pose>
<truncated>0</truncated>
<difficult>0</difficult>
<bndbox>
<xmin>1673</xmin>
<ymin>1341</ymin>
<xmax>1959</xmax>
<ymax>1607</ymax>
</bndbox>
</object>
<object>
<name>no_safety_gloves</name>
<pose>Unspecified</pose>
<truncated>0</truncated>
<difficult>0</difficult>
<bndbox>
<xmin>2646</xmin>
<ymin>1469</ymin>
<xmax>2942</xmax>
<ymax>1873</ymax>
</bndbox>
</object>
<object>
<name>no_safety_vest</name>
<pose>Unspecified</pose>
<truncated>0</truncated>
<difficult>0</difficult>
<bndbox>
<xmin>1837</xmin>
<ymin>1161</ymin>
<xmax>2753</xmax>
<ymax>2128</ymax>
</bndbox>
</object>
<object>
<name>person</name>
<pose>Unspecified</pose>
<truncated>0</truncated>
<difficult>0</difficult>
<bndbox>
<xmin>1289</xmin>
<ymin>568</ymin>
<xmax>3249</xmax>
<ymax>2118</ymax>
</bndbox>
</object>
</annotation>
