<?xml version="1.0" encoding="utf-8"?>
<annotation>
<folder>images</folder>
<filename>ebedc22e-image31.png</filename>
<source>
<database>MyDatabase</database>
<annotation>COCO2017</annotation>
<image>flickr</image>
<flickrid>NULL</flickrid>
<annotator>1</annotator>
</source>
<owner>
<flickrid>NULL</flickrid>
<name>Label Studio</name>
</owner>
<size>
<width>1444</width>
<height>1316</height>
<depth>3</depth>
</size>
<segmented>0</segmented>
<object>
<name>hard_hat</name>
<pose>Unspecified</pose>
<truncated>0</truncated>
<difficult>0</difficult>
<bndbox>
<xmin>943</xmin>
<ymin>355</ymin>
<xmax>1072</xmax>
<ymax>436</ymax>
</bndbox>
</object>
<object>
<name>safety_gloves</name>
<pose>Unspecified</pose>
<truncated>0</truncated>
<difficult>0</difficult>
<bndbox>
<xmin>660</xmin>
<ymin>319</ymin>
<xmax>782</xmax>
<ymax>410</ymax>
</bndbox>
</object>
<object>
<name>safety_gloves</name>
<pose>Unspecified</pose>
<truncated>0</truncated>
<difficult>0</difficult>
<bndbox>
<xmin>1102</xmin>
<ymin>533</ymin>
<xmax>1181</xmax>
<ymax>633</ymax>
</bndbox>
</object>
<object>
<name>safety_boots</name>
<pose>Unspecified</pose>
<truncated>0</truncated>
<difficult>0</difficult>
<bndbox>
<xmin>612</xmin>
<ymin>641</ymin>
<xmax>794</xmax>
<ymax>773</ymax>
</bndbox>
</object>
<object>
<name>safety_boots</name>
<pose>Unspecified</pose>
<truncated>0</truncated>
<difficult>0</difficult>
<bndbox>
<xmin>485</xmin>
<ymin>384</ymin>
<xmax>612</xmax>
<ymax>564</ymax>
</bndbox>
</object>
<object>
<name>no_eye_protection</name>
<pose>Unspecified</pose>
<truncated>0</truncated>
<difficult>0</difficult>
<bndbox>
<xmin>953</xmin>
<ymin>417</ymin>
<xmax>1008</xmax>
<ymax>441</ymax>
</bndbox>
</object>
<object>
<name>person</name>
<pose>Unspecified</pose>
<truncated>0</truncated>
<difficult>0</difficult>
<bndbox>
<xmin>480</xmin>
<ymin>321</ymin>
<xmax>1186</xmax>
<ymax>760</ymax>
</bndbox>
</object>
</annotation>
