<?xml version="1.0" encoding="utf-8"?>
<annotation>
<folder>images</folder>
<filename>ee42ce6a-image36.jpg</filename>
<source>
<database>MyDatabase</database>
<annotation>COCO2017</annotation>
<image>flickr</image>
<flickrid>NULL</flickrid>
<annotator>1</annotator>
</source>
<owner>
<flickrid>NULL</flickrid>
<name>Label Studio</name>
</owner>
<size>
<width>189</width>
<height>267</height>
<depth>3</depth>
</size>
<segmented>0</segmented>
<object>
<name>hard_hat</name>
<pose>Unspecified</pose>
<truncated>0</truncated>
<difficult>0</difficult>
<bndbox>
<xmin>79</xmin>
<ymin>33</ymin>
<xmax>114</xmax>
<ymax>65</ymax>
</bndbox>
</object>
<object>
<name>eye_protection</name>
<pose>Unspecified</pose>
<truncated>0</truncated>
<difficult>0</difficult>
<bndbox>
<xmin>88</xmin>
<ymin>57</ymin>
<xmax>102</xmax>
<ymax>68</ymax>
</bndbox>
</object>
<object>
<name>safety_gloves</name>
<pose>Unspecified</pose>
<truncated>0</truncated>
<difficult>0</difficult>
<bndbox>
<xmin>39</xmin>
<ymin>117</ymin>
<xmax>58</xmax>
<ymax>131</ymax>
</bndbox>
</object>
<object>
<name>safety_gloves</name>
<pose>Unspecified</pose>
<truncated>0</truncated>
<difficult>0</difficult>
<bndbox>
<xmin>68</xmin>
<ymin>121</ymin>
<xmax>79</xmax>
<ymax>134</ymax>
</bndbox>
</object>
<object>
<name>safety_boots</name>
<pose>Unspecified</pose>
<truncated>0</truncated>
<difficult>0</difficult>
<bndbox>
<xmin>38</xmin>
<ymin>195</ymin>
<xmax>71</xmax>
<ymax>212</ymax>
</bndbox>
</object>
<object>
<name>safety_boots</name>
<pose>Unspecified</pose>
<truncated>0</truncated>
<difficult>0</difficult>
<bndbox>
<xmin>24</xmin>
<ymin>182</ymin>
<xmax>43</xmax>
<ymax>206</ymax>
</bndbox>
</object>
<object>
<name>safety_vest</name>
<pose>Unspecified</pose>
<truncated>0</truncated>
<difficult>0</difficult>
<bndbox>
<xmin>47</xmin>
<ymin>55</ymin>
<xmax>89</xmax>
<ymax>133</ymax>
</bndbox>
</object>
<object>
<name>person</name>
<pose>Unspecified</pose>
<truncated>0</truncated>
<difficult>0</difficult>
<bndbox>
<xmin>26</xmin>
<ymin>31</ymin>
<xmax>111</xmax>
<ymax>213</ymax>
</bndbox>
</object>
</annotation>
