<?xml version="1.0" encoding="utf-8"?>
<annotation>
<folder>images</folder>
<filename>eee70af1-image43.jpg</filename>
<source>
<database>MyDatabase</database>
<annotation>COCO2017</annotation>
<image>flickr</image>
<flickrid>NULL</flickrid>
<annotator>1</annotator>
</source>
<owner>
<flickrid>NULL</flickrid>
<name>Label Studio</name>
</owner>
<size>
<width>4979</width>
<height>3319</height>
<depth>3</depth>
</size>
<segmented>0</segmented>
<object>
<name>hard_hat</name>
<pose>Unspecified</pose>
<truncated>0</truncated>
<difficult>0</difficult>
<bndbox>
<xmin>1810</xmin>
<ymin>575</ymin>
<xmax>2639</xmax>
<ymax>1017</ymax>
</bndbox>
</object>
<object>
<name>no_eye_protection</name>
<pose>Unspecified</pose>
<truncated>0</truncated>
<difficult>0</difficult>
<bndbox>
<xmin>2222</xmin>
<ymin>1126</ymin>
<xmax>2518</xmax>
<ymax>1216</ymax>
</bndbox>
</object>
<object>
<name>no_safety_gloves</name>
<pose>Unspecified</pose>
<truncated>0</truncated>
<difficult>0</difficult>
<bndbox>
<xmin>2882</xmin>
<ymin>1435</ymin>
<xmax>3154</xmax>
<ymax>1877</ymax>
</bndbox>
</object>
<object>
<name>no_safety_gloves</name>
<pose>Unspecified</pose>
<truncated>0</truncated>
<difficult>0</difficult>
<bndbox>
<xmin>2349</xmin>
<ymin>1647</ymin>
<xmax>2530</xmax>
<ymax>1967</ymax>
</bndbox>
</object>
<object>
<name>safety_vest</name>
<pose>Unspecified</pose>
<truncated>0</truncated>
<difficult>0</difficult>
<bndbox>
<xmin>1435</xmin>
<ymin>1374</ymin>
<xmax>2482</xmax>
<ymax>3075</ymax>
</bndbox>
</object>
<object>
<name>person</name>
<pose>Unspecified</pose>
<truncated>0</truncated>
<difficult>0</difficult>
<bndbox>
<xmin>1405</xmin>
<ymin>575</ymin>
<xmax>3149</xmax>
<ymax>3282</ymax>
</bndbox>
</object>
</annotation>
