<?xml version="1.0" encoding="utf-8"?>
<annotation>
<folder>images</folder>
<filename>f785be94-image29.png</filename>
<source>
<database>MyDatabase</database>
<annotation>COCO2017</annotation>
<image>flickr</image>
<flickrid>NULL</flickrid>
<annotator>1</annotator>
</source>
<owner>
<flickrid>NULL</flickrid>
<name>Label Studio</name>
</owner>
<size>
<width>980</width>
<height>653</height>
<depth>3</depth>
</size>
<segmented>0</segmented>
<object>
<name>hard_hat</name>
<pose>Unspecified</pose>
<truncated>0</truncated>
<difficult>0</difficult>
<bndbox>
<xmin>283</xmin>
<ymin>462</ymin>
<xmax>408</xmax>
<ymax>548</ymax>
</bndbox>
</object>
<object>
<name>hard_hat</name>
<pose>Unspecified</pose>
<truncated>0</truncated>
<difficult>0</difficult>
<bndbox>
<xmin>301</xmin>
<ymin>144</ymin>
<xmax>384</xmax>
<ymax>197</ymax>
</bndbox>
</object>
<object>
<name>no_safety_gloves</name>
<pose>Unspecified</pose>
<truncated>0</truncated>
<difficult>0</difficult>
<bndbox>
<xmin>337</xmin>
<ymin>131</ymin>
<xmax>379</xmax>
<ymax>189</ymax>
</bndbox>
</object>
<object>
<name>safety_gloves</name>
<pose>Unspecified</pose>
<truncated>0</truncated>
<difficult>0</difficult>
<bndbox>
<xmin>384</xmin>
<ymin>383</ymin>
<xmax>465</xmax>
<ymax>413</ymax>
</bndbox>
</object>
<object>
<name>safety_gloves</name>
<pose>Unspecified</pose>
<truncated>0</truncated>
<difficult>0</difficult>
<bndbox>
<xmin>184</xmin>
<ymin>454</ymin>
<xmax>230</xmax>
<ymax>499</ymax>
</bndbox>
</object>
<object>
<name>safety_boots</name>
<pose>Unspecified</pose>
<truncated>0</truncated>
<difficult>0</difficult>
<bndbox>
<xmin>251</xmin>
<ymin>389</ymin>
<xmax>347</xmax>
<ymax>435</ymax>
</bndbox>
</object>
<object>
<name>safety_boots</name>
<pose>Unspecified</pose>
<truncated>0</truncated>
<difficult>0</difficult>
<bndbox>
<xmin>531</xmin>
<ymin>380</ymin>
<xmax>600</xmax>
<ymax>414</ymax>
</bndbox>
</object>
<object>
<name>safety_vest</name>
<pose>Unspecified</pose>
<truncated>0</truncated>
<difficult>0</difficult>
<bndbox>
<xmin>371</xmin>
<ymin>382</ymin>
<xmax>513</xmax>
<ymax>488</ymax>
</bndbox>
</object>
<object>
<name>safety_vest</name>
<pose>Unspecified</pose>
<truncated>0</truncated>
<difficult>0</difficult>
<bndbox>
<xmin>259</xmin>
<ymin>210</ymin>
<xmax>376</xmax>
<ymax>398</ymax>
</bndbox>
</object>
<object>
<name>person</name>
<pose>Unspecified</pose>
<truncated>0</truncated>
<difficult>0</difficult>
<bndbox>
<xmin>246</xmin>
<ymin>134</ymin>
<xmax>390</xmax>
<ymax>427</ymax>
</bndbox>
</object>
<object>
<name>person</name>
<pose>Unspecified</pose>
<truncated>0</truncated>
<difficult>0</difficult>
<bndbox>
<xmin>181</xmin>
<ymin>376</ymin>
<xmax>605</xmax>
<ymax>538</ymax>
</bndbox>
</object>
</annotation>
