<?xml version="1.0" encoding="utf-8"?>
<annotation>
<folder>images</folder>
<filename>fac1875e-image71.jpg</filename>
<source>
<database>MyDatabase</database>
<annotation>COCO2017</annotation>
<image>flickr</image>
<flickrid>NULL</flickrid>
<annotator>1</annotator>
</source>
<owner>
<flickrid>NULL</flickrid>
<name>Label Studio</name>
</owner>
<size>
<width>2560</width>
<height>1707</height>
<depth>3</depth>
</size>
<segmented>0</segmented>
<object>
<name>hard_hat</name>
<pose>Unspecified</pose>
<truncated>0</truncated>
<difficult>0</difficult>
<bndbox>
<xmin>834</xmin>
<ymin>1140</ymin>
<xmax>1332</xmax>
<ymax>1669</ymax>
</bndbox>
</object>
<object>
<name>safety_vest</name>
<pose>Unspecified</pose>
<truncated>0</truncated>
<difficult>0</difficult>
<bndbox>
<xmin>918</xmin>
<ymin>1130</ymin>
<xmax>1790</xmax>
<ymax>1640</ymax>
</bndbox>
</object>
<object>
<name>safety_gloves</name>
<pose>Unspecified</pose>
<truncated>0</truncated>
<difficult>0</difficult>
<bndbox>
<xmin>657</xmin>
<ymin>1186</ymin>
<xmax>840</xmax>
<ymax>1363</ymax>
</bndbox>
</object>
<object>
<name>safety_gloves</name>
<pose>Unspecified</pose>
<truncated>0</truncated>
<difficult>0</difficult>
<bndbox>
<xmin>1884</xmin>
<ymin>1233</ymin>
<xmax>2130</xmax>
<ymax>1373</ymax>
</bndbox>
</object>
<object>
<name>safety_boots</name>
<pose>Unspecified</pose>
<truncated>0</truncated>
<difficult>0</difficult>
<bndbox>
<xmin>1903</xmin>
<ymin>903</ymin>
<xmax>2071</xmax>
<ymax>1152</ymax>
</bndbox>
</object>
<object>
<name>safety_boots</name>
<pose>Unspecified</pose>
<truncated>0</truncated>
<difficult>0</difficult>
<bndbox>
<xmin>1118</xmin>
<ymin>950</ymin>
<xmax>1339</xmax>
<ymax>1177</ymax>
</bndbox>
</object>
<object>
<name>safety_vest</name>
<pose>Unspecified</pose>
<truncated>0</truncated>
<difficult>0</difficult>
<bndbox>
<xmin>554</xmin>
<ymin>178</ymin>
<xmax>962</xmax>
<ymax>311</ymax>
</bndbox>
</object>
<object>
<name>person</name>
<pose>Unspecified</pose>
<truncated>0</truncated>
<difficult>0</difficult>
<bndbox>
<xmin>554</xmin>
<ymin>186</ymin>
<xmax>974</xmax>
<ymax>818</ymax>
</bndbox>
</object>
<object>
<name>person</name>
<pose>Unspecified</pose>
<truncated>0</truncated>
<difficult>0</difficult>
<bndbox>
<xmin>651</xmin>
<ymin>934</ymin>
<xmax>2083</xmax>
<ymax>1666</ymax>
</bndbox>
</object>
</annotation>
